CAB DRIVER,STEVE ROGERS,CAB DRIVER,PYM TECH GATE GUARD
CAB DRIVER,STEVE ROGERS,CAB DRIVER,POOL BBQ DAD
CAB DRIVER,STEVE ROGERS,CAB DRIVER,PYM TECH EMPLOYEE
CAB DRIVER,STEVE ROGERS,CAB DRIVER,COP ON SPEAKER
CAB DRIVER,STEVE ROGERS,CAB DRIVER,POLICE RADIO
CAB DRIVER,STEVE ROGERS,CAB DRIVER,VIDEO VOICE OVER
CAB DRIVER,STEVE ROGERS,CAB DRIVER,PYM TECH SECURITY GUARD
CAB DRIVER,STEVE ROGERS,CAB DRIVER,HIDEOUS RABBIT
CAB DRIVER,STEVE ROGERS,CAB DRIVER,PEACHY
CAB DRIVER,STEVE ROGERS,CAB DRIVER,DETECTIVE
CAB DRIVER,STEVE ROGERS,CAB DRIVER,ICE CREAM STORE CUSTOMER
CAB DRIVER,STEVE ROGERS,CAB DRIVER,GALE
CAB DRIVER,STEVE ROGERS,CAB DRIVER,FRANK
CAB DRIVER,STEVE ROGERS,CAB DRIVER,COMPUTER
CAB DRIVER,STEVE ROGERS,CAB DRIVER,MITCHELL CARSON
CAB DRIVER,STEVE ROGERS,CAB DRIVER,DALE
CAB DRIVER,STEVE ROGERS,CAB DRIVER,MAGGIE LANG
CAB DRIVER,STEVE ROGERS,CAB DRIVER,CASSIE LANG
CAB DRIVER,STEVE ROGERS,CAB DRIVER,KURT
CAB DRIVER,STEVE ROGERS,CAB DRIVER,DAVE
CAB DRIVER,STEVE ROGERS,CAB DRIVER,"JAMES ""JIM"" PAXTON"
CAB DRIVER,STEVE ROGERS,CAB DRIVER,DARREN CROSS
CAB DRIVER,STEVE ROGERS,CAB DRIVER,HOWARD STARK
CAB DRIVER,STEVE ROGERS,CAB DRIVER,LUIS
CAB DRIVER,STEVE ROGERS,CAB DRIVER,HOPE VAN DYNE
CAB DRIVER,STEVE ROGERS,CAB DRIVER,PEGGY CARTER
CAB DRIVER,STEVE ROGERS,CAB DRIVER,HANK PYM
CAB DRIVER,STEVE ROGERS,CAB DRIVER,SAM WILSON
CAB DRIVER,STEVE ROGERS,CAB DRIVER,SCOTT LANG
CAB DRIVER,STEVE ROGERS,CAB DRIVER,NATASHA ROMANOFF
CAB DRIVER,STEVE ROGERS,CAB DRIVER,STEVE ROGERS
ALPHA GUARD,STEVE ROGERS,ALPHA GUARD,CAB DRIVER
CAB DRIVER,NATASHA ROMANOFF,CAB DRIVER,PYM TECH GATE GUARD
CAB DRIVER,NATASHA ROMANOFF,CAB DRIVER,POOL BBQ DAD
CAB DRIVER,NATASHA ROMANOFF,CAB DRIVER,PYM TECH EMPLOYEE
CAB DRIVER,NATASHA ROMANOFF,CAB DRIVER,COP ON SPEAKER
CAB DRIVER,NATASHA ROMANOFF,CAB DRIVER,POLICE RADIO
CAB DRIVER,NATASHA ROMANOFF,CAB DRIVER,VIDEO VOICE OVER
CAB DRIVER,NATASHA ROMANOFF,CAB DRIVER,PYM TECH SECURITY GUARD
CAB DRIVER,NATASHA ROMANOFF,CAB DRIVER,HIDEOUS RABBIT
CAB DRIVER,NATASHA ROMANOFF,CAB DRIVER,PEACHY
CAB DRIVER,NATASHA ROMANOFF,CAB DRIVER,DETECTIVE
CAB DRIVER,NATASHA ROMANOFF,CAB DRIVER,ICE CREAM STORE CUSTOMER
CAB DRIVER,NATASHA ROMANOFF,CAB DRIVER,GALE
CAB DRIVER,NATASHA ROMANOFF,CAB DRIVER,FRANK
CAB DRIVER,NATASHA ROMANOFF,CAB DRIVER,COMPUTER
CAB DRIVER,NATASHA ROMANOFF,CAB DRIVER,MITCHELL CARSON
CAB DRIVER,NATASHA ROMANOFF,CAB DRIVER,DALE
CAB DRIVER,NATASHA ROMANOFF,CAB DRIVER,MAGGIE LANG
CAB DRIVER,NATASHA ROMANOFF,CAB DRIVER,CASSIE LANG
CAB DRIVER,NATASHA ROMANOFF,CAB DRIVER,KURT
CAB DRIVER,NATASHA ROMANOFF,CAB DRIVER,DAVE
CAB DRIVER,NATASHA ROMANOFF,CAB DRIVER,"JAMES ""JIM"" PAXTON"
CAB DRIVER,NATASHA ROMANOFF,CAB DRIVER,DARREN CROSS
CAB DRIVER,NATASHA ROMANOFF,CAB DRIVER,HOWARD STARK
CAB DRIVER,NATASHA ROMANOFF,CAB DRIVER,LUIS
CAB DRIVER,NATASHA ROMANOFF,CAB DRIVER,HOPE VAN DYNE
CAB DRIVER,NATASHA ROMANOFF,CAB DRIVER,PEGGY CARTER
CAB DRIVER,NATASHA ROMANOFF,CAB DRIVER,HANK PYM
CAB DRIVER,NATASHA ROMANOFF,CAB DRIVER,SAM WILSON
CAB DRIVER,NATASHA ROMANOFF,CAB DRIVER,SCOTT LANG
CAB DRIVER,NATASHA ROMANOFF,CAB DRIVER,NATASHA ROMANOFF
CAB DRIVER,NATASHA ROMANOFF,CAB DRIVER,STEVE ROGERS
ALPHA GUARD,NATASHA ROMANOFF,ALPHA GUARD,CAB DRIVER
CAB DRIVER,SCOTT LANG,CAB DRIVER,PYM TECH GATE GUARD
CAB DRIVER,SCOTT LANG,CAB DRIVER,POOL BBQ DAD
CAB DRIVER,SCOTT LANG,CAB DRIVER,PYM TECH EMPLOYEE
CAB DRIVER,SCOTT LANG,CAB DRIVER,COP ON SPEAKER
CAB DRIVER,SCOTT LANG,CAB DRIVER,POLICE RADIO
CAB DRIVER,SCOTT LANG,CAB DRIVER,VIDEO VOICE OVER
CAB DRIVER,SCOTT LANG,CAB DRIVER,PYM TECH SECURITY GUARD
CAB DRIVER,SCOTT LANG,CAB DRIVER,HIDEOUS RABBIT
CAB DRIVER,SCOTT LANG,CAB DRIVER,PEACHY
CAB DRIVER,SCOTT LANG,CAB DRIVER,DETECTIVE
CAB DRIVER,SCOTT LANG,CAB DRIVER,ICE CREAM STORE CUSTOMER
CAB DRIVER,SCOTT LANG,CAB DRIVER,GALE
CAB DRIVER,SCOTT LANG,CAB DRIVER,FRANK
CAB DRIVER,SCOTT LANG,CAB DRIVER,COMPUTER
CAB DRIVER,SCOTT LANG,CAB DRIVER,MITCHELL CARSON
CAB DRIVER,SCOTT LANG,CAB DRIVER,DALE
CAB DRIVER,SCOTT LANG,CAB DRIVER,MAGGIE LANG
CAB DRIVER,SCOTT LANG,CAB DRIVER,CASSIE LANG
CAB DRIVER,SCOTT LANG,CAB DRIVER,KURT
CAB DRIVER,SCOTT LANG,CAB DRIVER,DAVE
CAB DRIVER,SCOTT LANG,CAB DRIVER,"JAMES ""JIM"" PAXTON"
CAB DRIVER,SCOTT LANG,CAB DRIVER,DARREN CROSS
CAB DRIVER,SCOTT LANG,CAB DRIVER,HOWARD STARK
CAB DRIVER,SCOTT LANG,CAB DRIVER,LUIS
CAB DRIVER,SCOTT LANG,CAB DRIVER,HOPE VAN DYNE
CAB DRIVER,SCOTT LANG,CAB DRIVER,PEGGY CARTER
CAB DRIVER,SCOTT LANG,CAB DRIVER,HANK PYM
CAB DRIVER,SCOTT LANG,CAB DRIVER,SAM WILSON
CAB DRIVER,SCOTT LANG,CAB DRIVER,SCOTT LANG
CAB DRIVER,SCOTT LANG,CAB DRIVER,NATASHA ROMANOFF
CAB DRIVER,SCOTT LANG,CAB DRIVER,STEVE ROGERS
ALPHA GUARD,SCOTT LANG,ALPHA GUARD,CAB DRIVER
CAB DRIVER,SAM WILSON,CAB DRIVER,PYM TECH GATE GUARD
CAB DRIVER,SAM WILSON,CAB DRIVER,POOL BBQ DAD
CAB DRIVER,SAM WILSON,CAB DRIVER,PYM TECH EMPLOYEE
CAB DRIVER,SAM WILSON,CAB DRIVER,COP ON SPEAKER
CAB DRIVER,SAM WILSON,CAB DRIVER,POLICE RADIO
CAB DRIVER,SAM WILSON,CAB DRIVER,VIDEO VOICE OVER
CAB DRIVER,SAM WILSON,CAB DRIVER,PYM TECH SECURITY GUARD
CAB DRIVER,SAM WILSON,CAB DRIVER,HIDEOUS RABBIT
CAB DRIVER,SAM WILSON,CAB DRIVER,PEACHY
CAB DRIVER,SAM WILSON,CAB DRIVER,DETECTIVE
CAB DRIVER,SAM WILSON,CAB DRIVER,ICE CREAM STORE CUSTOMER
CAB DRIVER,SAM WILSON,CAB DRIVER,GALE
CAB DRIVER,SAM WILSON,CAB DRIVER,FRANK
CAB DRIVER,SAM WILSON,CAB DRIVER,COMPUTER
CAB DRIVER,SAM WILSON,CAB DRIVER,MITCHELL CARSON
CAB DRIVER,SAM WILSON,CAB DRIVER,DALE
CAB DRIVER,SAM WILSON,CAB DRIVER,MAGGIE LANG
CAB DRIVER,SAM WILSON,CAB DRIVER,CASSIE LANG
CAB DRIVER,SAM WILSON,CAB DRIVER,KURT
CAB DRIVER,SAM WILSON,CAB DRIVER,DAVE
CAB DRIVER,SAM WILSON,CAB DRIVER,"JAMES ""JIM"" PAXTON"
CAB DRIVER,SAM WILSON,CAB DRIVER,DARREN CROSS
CAB DRIVER,SAM WILSON,CAB DRIVER,HOWARD STARK
CAB DRIVER,SAM WILSON,CAB DRIVER,LUIS
CAB DRIVER,SAM WILSON,CAB DRIVER,HOPE VAN DYNE
CAB DRIVER,SAM WILSON,CAB DRIVER,PEGGY CARTER
CAB DRIVER,SAM WILSON,CAB DRIVER,HANK PYM
CAB DRIVER,SAM WILSON,CAB DRIVER,SAM WILSON
CAB DRIVER,SAM WILSON,CAB DRIVER,SCOTT LANG
CAB DRIVER,SAM WILSON,CAB DRIVER,NATASHA ROMANOFF
CAB DRIVER,SAM WILSON,CAB DRIVER,STEVE ROGERS
ALPHA GUARD,SAM WILSON,ALPHA GUARD,CAB DRIVER
CAB DRIVER,HANK PYM,CAB DRIVER,PYM TECH GATE GUARD
CAB DRIVER,HANK PYM,CAB DRIVER,POOL BBQ DAD
CAB DRIVER,HANK PYM,CAB DRIVER,PYM TECH EMPLOYEE
CAB DRIVER,HANK PYM,CAB DRIVER,COP ON SPEAKER
CAB DRIVER,HANK PYM,CAB DRIVER,POLICE RADIO
CAB DRIVER,HANK PYM,CAB DRIVER,VIDEO VOICE OVER
CAB DRIVER,HANK PYM,CAB DRIVER,PYM TECH SECURITY GUARD
CAB DRIVER,HANK PYM,CAB DRIVER,HIDEOUS RABBIT
CAB DRIVER,HANK PYM,CAB DRIVER,PEACHY
CAB DRIVER,HANK PYM,CAB DRIVER,DETECTIVE
CAB DRIVER,HANK PYM,CAB DRIVER,ICE CREAM STORE CUSTOMER
CAB DRIVER,HANK PYM,CAB DRIVER,GALE
CAB DRIVER,HANK PYM,CAB DRIVER,FRANK
CAB DRIVER,HANK PYM,CAB DRIVER,COMPUTER
CAB DRIVER,HANK PYM,CAB DRIVER,MITCHELL CARSON
CAB DRIVER,HANK PYM,CAB DRIVER,DALE
CAB DRIVER,HANK PYM,CAB DRIVER,MAGGIE LANG
CAB DRIVER,HANK PYM,CAB DRIVER,CASSIE LANG
CAB DRIVER,HANK PYM,CAB DRIVER,KURT
CAB DRIVER,HANK PYM,CAB DRIVER,DAVE
CAB DRIVER,HANK PYM,CAB DRIVER,"JAMES ""JIM"" PAXTON"
CAB DRIVER,HANK PYM,CAB DRIVER,DARREN CROSS
CAB DRIVER,HANK PYM,CAB DRIVER,HOWARD STARK
CAB DRIVER,HANK PYM,CAB DRIVER,LUIS
CAB DRIVER,HANK PYM,CAB DRIVER,HOPE VAN DYNE
CAB DRIVER,HANK PYM,CAB DRIVER,PEGGY CARTER
CAB DRIVER,HANK PYM,CAB DRIVER,HANK PYM
CAB DRIVER,HANK PYM,CAB DRIVER,SAM WILSON
CAB DRIVER,HANK PYM,CAB DRIVER,SCOTT LANG
CAB DRIVER,HANK PYM,CAB DRIVER,NATASHA ROMANOFF
CAB DRIVER,HANK PYM,CAB DRIVER,STEVE ROGERS
ALPHA GUARD,HANK PYM,ALPHA GUARD,CAB DRIVER
CAB DRIVER,PEGGY CARTER,CAB DRIVER,PYM TECH GATE GUARD
CAB DRIVER,PEGGY CARTER,CAB DRIVER,POOL BBQ DAD
CAB DRIVER,PEGGY CARTER,CAB DRIVER,PYM TECH EMPLOYEE
CAB DRIVER,PEGGY CARTER,CAB DRIVER,COP ON SPEAKER
CAB DRIVER,PEGGY CARTER,CAB DRIVER,POLICE RADIO
CAB DRIVER,PEGGY CARTER,CAB DRIVER,VIDEO VOICE OVER
CAB DRIVER,PEGGY CARTER,CAB DRIVER,PYM TECH SECURITY GUARD
CAB DRIVER,PEGGY CARTER,CAB DRIVER,HIDEOUS RABBIT
CAB DRIVER,PEGGY CARTER,CAB DRIVER,PEACHY
CAB DRIVER,PEGGY CARTER,CAB DRIVER,DETECTIVE
CAB DRIVER,PEGGY CARTER,CAB DRIVER,ICE CREAM STORE CUSTOMER
CAB DRIVER,PEGGY CARTER,CAB DRIVER,GALE
CAB DRIVER,PEGGY CARTER,CAB DRIVER,FRANK
CAB DRIVER,PEGGY CARTER,CAB DRIVER,COMPUTER
CAB DRIVER,PEGGY CARTER,CAB DRIVER,MITCHELL CARSON
CAB DRIVER,PEGGY CARTER,CAB DRIVER,DALE
CAB DRIVER,PEGGY CARTER,CAB DRIVER,MAGGIE LANG
CAB DRIVER,PEGGY CARTER,CAB DRIVER,CASSIE LANG
CAB DRIVER,PEGGY CARTER,CAB DRIVER,KURT
CAB DRIVER,PEGGY CARTER,CAB DRIVER,DAVE
CAB DRIVER,PEGGY CARTER,CAB DRIVER,"JAMES ""JIM"" PAXTON"
CAB DRIVER,PEGGY CARTER,CAB DRIVER,DARREN CROSS
CAB DRIVER,PEGGY CARTER,CAB DRIVER,HOWARD STARK
CAB DRIVER,PEGGY CARTER,CAB DRIVER,LUIS
CAB DRIVER,PEGGY CARTER,CAB DRIVER,HOPE VAN DYNE
CAB DRIVER,PEGGY CARTER,CAB DRIVER,PEGGY CARTER
CAB DRIVER,PEGGY CARTER,CAB DRIVER,HANK PYM
CAB DRIVER,PEGGY CARTER,CAB DRIVER,SAM WILSON
CAB DRIVER,PEGGY CARTER,CAB DRIVER,SCOTT LANG
CAB DRIVER,PEGGY CARTER,CAB DRIVER,NATASHA ROMANOFF
CAB DRIVER,PEGGY CARTER,CAB DRIVER,STEVE ROGERS
ALPHA GUARD,PEGGY CARTER,ALPHA GUARD,CAB DRIVER
CAB DRIVER,HOPE VAN DYNE,CAB DRIVER,PYM TECH GATE GUARD
CAB DRIVER,HOPE VAN DYNE,CAB DRIVER,POOL BBQ DAD
CAB DRIVER,HOPE VAN DYNE,CAB DRIVER,PYM TECH EMPLOYEE
CAB DRIVER,HOPE VAN DYNE,CAB DRIVER,COP ON SPEAKER
CAB DRIVER,HOPE VAN DYNE,CAB DRIVER,POLICE RADIO
CAB DRIVER,HOPE VAN DYNE,CAB DRIVER,VIDEO VOICE OVER
CAB DRIVER,HOPE VAN DYNE,CAB DRIVER,PYM TECH SECURITY GUARD
CAB DRIVER,HOPE VAN DYNE,CAB DRIVER,HIDEOUS RABBIT
CAB DRIVER,HOPE VAN DYNE,CAB DRIVER,PEACHY
CAB DRIVER,HOPE VAN DYNE,CAB DRIVER,DETECTIVE
CAB DRIVER,HOPE VAN DYNE,CAB DRIVER,ICE CREAM STORE CUSTOMER
CAB DRIVER,HOPE VAN DYNE,CAB DRIVER,GALE
CAB DRIVER,HOPE VAN DYNE,CAB DRIVER,FRANK
CAB DRIVER,HOPE VAN DYNE,CAB DRIVER,COMPUTER
CAB DRIVER,HOPE VAN DYNE,CAB DRIVER,MITCHELL CARSON
CAB DRIVER,HOPE VAN DYNE,CAB DRIVER,DALE
CAB DRIVER,HOPE VAN DYNE,CAB DRIVER,MAGGIE LANG
CAB DRIVER,HOPE VAN DYNE,CAB DRIVER,CASSIE LANG
CAB DRIVER,HOPE VAN DYNE,CAB DRIVER,KURT
CAB DRIVER,HOPE VAN DYNE,CAB DRIVER,DAVE
CAB DRIVER,HOPE VAN DYNE,CAB DRIVER,"JAMES ""JIM"" PAXTON"
CAB DRIVER,HOPE VAN DYNE,CAB DRIVER,DARREN CROSS
CAB DRIVER,HOPE VAN DYNE,CAB DRIVER,HOWARD STARK
CAB DRIVER,HOPE VAN DYNE,CAB DRIVER,LUIS
CAB DRIVER,HOPE VAN DYNE,CAB DRIVER,HOPE VAN DYNE
CAB DRIVER,HOPE VAN DYNE,CAB DRIVER,PEGGY CARTER
CAB DRIVER,HOPE VAN DYNE,CAB DRIVER,HANK PYM
CAB DRIVER,HOPE VAN DYNE,CAB DRIVER,SAM WILSON
CAB DRIVER,HOPE VAN DYNE,CAB DRIVER,SCOTT LANG
CAB DRIVER,HOPE VAN DYNE,CAB DRIVER,NATASHA ROMANOFF
CAB DRIVER,HOPE VAN DYNE,CAB DRIVER,STEVE ROGERS
ALPHA GUARD,HOPE VAN DYNE,ALPHA GUARD,CAB DRIVER
CAB DRIVER,LUIS,CAB DRIVER,PYM TECH GATE GUARD
CAB DRIVER,LUIS,CAB DRIVER,POOL BBQ DAD
CAB DRIVER,LUIS,CAB DRIVER,PYM TECH EMPLOYEE
CAB DRIVER,LUIS,CAB DRIVER,COP ON SPEAKER
CAB DRIVER,LUIS,CAB DRIVER,POLICE RADIO
CAB DRIVER,LUIS,CAB DRIVER,VIDEO VOICE OVER
CAB DRIVER,LUIS,CAB DRIVER,PYM TECH SECURITY GUARD
CAB DRIVER,LUIS,CAB DRIVER,HIDEOUS RABBIT
CAB DRIVER,LUIS,CAB DRIVER,PEACHY
CAB DRIVER,LUIS,CAB DRIVER,DETECTIVE
CAB DRIVER,LUIS,CAB DRIVER,ICE CREAM STORE CUSTOMER
CAB DRIVER,LUIS,CAB DRIVER,GALE
CAB DRIVER,LUIS,CAB DRIVER,FRANK
CAB DRIVER,LUIS,CAB DRIVER,COMPUTER
CAB DRIVER,LUIS,CAB DRIVER,MITCHELL CARSON
CAB DRIVER,LUIS,CAB DRIVER,DALE
CAB DRIVER,LUIS,CAB DRIVER,MAGGIE LANG
CAB DRIVER,LUIS,CAB DRIVER,CASSIE LANG
CAB DRIVER,LUIS,CAB DRIVER,KURT
CAB DRIVER,LUIS,CAB DRIVER,DAVE
CAB DRIVER,LUIS,CAB DRIVER,"JAMES ""JIM"" PAXTON"
CAB DRIVER,LUIS,CAB DRIVER,DARREN CROSS
CAB DRIVER,LUIS,CAB DRIVER,HOWARD STARK
CAB DRIVER,LUIS,CAB DRIVER,LUIS
CAB DRIVER,LUIS,CAB DRIVER,HOPE VAN DYNE
CAB DRIVER,LUIS,CAB DRIVER,PEGGY CARTER
CAB DRIVER,LUIS,CAB DRIVER,HANK PYM
CAB DRIVER,LUIS,CAB DRIVER,SAM WILSON
CAB DRIVER,LUIS,CAB DRIVER,SCOTT LANG
CAB DRIVER,LUIS,CAB DRIVER,NATASHA ROMANOFF
CAB DRIVER,LUIS,CAB DRIVER,STEVE ROGERS
ALPHA GUARD,LUIS,ALPHA GUARD,CAB DRIVER
CAB DRIVER,HOWARD STARK,CAB DRIVER,PYM TECH GATE GUARD
CAB DRIVER,HOWARD STARK,CAB DRIVER,POOL BBQ DAD
CAB DRIVER,HOWARD STARK,CAB DRIVER,PYM TECH EMPLOYEE
CAB DRIVER,HOWARD STARK,CAB DRIVER,COP ON SPEAKER
CAB DRIVER,HOWARD STARK,CAB DRIVER,POLICE RADIO
CAB DRIVER,HOWARD STARK,CAB DRIVER,VIDEO VOICE OVER
CAB DRIVER,HOWARD STARK,CAB DRIVER,PYM TECH SECURITY GUARD
CAB DRIVER,HOWARD STARK,CAB DRIVER,HIDEOUS RABBIT
CAB DRIVER,HOWARD STARK,CAB DRIVER,PEACHY
CAB DRIVER,HOWARD STARK,CAB DRIVER,DETECTIVE
CAB DRIVER,HOWARD STARK,CAB DRIVER,ICE CREAM STORE CUSTOMER
CAB DRIVER,HOWARD STARK,CAB DRIVER,GALE
CAB DRIVER,HOWARD STARK,CAB DRIVER,FRANK
CAB DRIVER,HOWARD STARK,CAB DRIVER,COMPUTER
CAB DRIVER,HOWARD STARK,CAB DRIVER,MITCHELL CARSON
CAB DRIVER,HOWARD STARK,CAB DRIVER,DALE
CAB DRIVER,HOWARD STARK,CAB DRIVER,MAGGIE LANG
CAB DRIVER,HOWARD STARK,CAB DRIVER,CASSIE LANG
CAB DRIVER,HOWARD STARK,CAB DRIVER,KURT
CAB DRIVER,HOWARD STARK,CAB DRIVER,DAVE
CAB DRIVER,HOWARD STARK,CAB DRIVER,"JAMES ""JIM"" PAXTON"
CAB DRIVER,HOWARD STARK,CAB DRIVER,DARREN CROSS
CAB DRIVER,HOWARD STARK,CAB DRIVER,HOWARD STARK
CAB DRIVER,HOWARD STARK,CAB DRIVER,LUIS
CAB DRIVER,HOWARD STARK,CAB DRIVER,HOPE VAN DYNE
CAB DRIVER,HOWARD STARK,CAB DRIVER,PEGGY CARTER
CAB DRIVER,HOWARD STARK,CAB DRIVER,HANK PYM
CAB DRIVER,HOWARD STARK,CAB DRIVER,SAM WILSON
CAB DRIVER,HOWARD STARK,CAB DRIVER,SCOTT LANG
CAB DRIVER,HOWARD STARK,CAB DRIVER,NATASHA ROMANOFF
CAB DRIVER,HOWARD STARK,CAB DRIVER,STEVE ROGERS
ALPHA GUARD,HOWARD STARK,ALPHA GUARD,CAB DRIVER
CAB DRIVER,DARREN CROSS,CAB DRIVER,PYM TECH GATE GUARD
CAB DRIVER,DARREN CROSS,CAB DRIVER,POOL BBQ DAD
CAB DRIVER,DARREN CROSS,CAB DRIVER,PYM TECH EMPLOYEE
CAB DRIVER,DARREN CROSS,CAB DRIVER,COP ON SPEAKER
CAB DRIVER,DARREN CROSS,CAB DRIVER,POLICE RADIO
CAB DRIVER,DARREN CROSS,CAB DRIVER,VIDEO VOICE OVER
CAB DRIVER,DARREN CROSS,CAB DRIVER,PYM TECH SECURITY GUARD
CAB DRIVER,DARREN CROSS,CAB DRIVER,HIDEOUS RABBIT
CAB DRIVER,DARREN CROSS,CAB DRIVER,PEACHY
CAB DRIVER,DARREN CROSS,CAB DRIVER,DETECTIVE
CAB DRIVER,DARREN CROSS,CAB DRIVER,ICE CREAM STORE CUSTOMER
CAB DRIVER,DARREN CROSS,CAB DRIVER,GALE
CAB DRIVER,DARREN CROSS,CAB DRIVER,FRANK
CAB DRIVER,DARREN CROSS,CAB DRIVER,COMPUTER
CAB DRIVER,DARREN CROSS,CAB DRIVER,MITCHELL CARSON
CAB DRIVER,DARREN CROSS,CAB DRIVER,DALE
CAB DRIVER,DARREN CROSS,CAB DRIVER,MAGGIE LANG
CAB DRIVER,DARREN CROSS,CAB DRIVER,CASSIE LANG
CAB DRIVER,DARREN CROSS,CAB DRIVER,KURT
CAB DRIVER,DARREN CROSS,CAB DRIVER,DAVE
CAB DRIVER,DARREN CROSS,CAB DRIVER,"JAMES ""JIM"" PAXTON"
CAB DRIVER,DARREN CROSS,CAB DRIVER,DARREN CROSS
CAB DRIVER,DARREN CROSS,CAB DRIVER,HOWARD STARK
CAB DRIVER,DARREN CROSS,CAB DRIVER,LUIS
CAB DRIVER,DARREN CROSS,CAB DRIVER,HOPE VAN DYNE
CAB DRIVER,DARREN CROSS,CAB DRIVER,PEGGY CARTER
CAB DRIVER,DARREN CROSS,CAB DRIVER,HANK PYM
CAB DRIVER,DARREN CROSS,CAB DRIVER,SAM WILSON
CAB DRIVER,DARREN CROSS,CAB DRIVER,SCOTT LANG
CAB DRIVER,DARREN CROSS,CAB DRIVER,NATASHA ROMANOFF
CAB DRIVER,DARREN CROSS,CAB DRIVER,STEVE ROGERS
ALPHA GUARD,DARREN CROSS,ALPHA GUARD,CAB DRIVER
CAB DRIVER,"JAMES ""JIM"" PAXTON",CAB DRIVER,PYM TECH GATE GUARD
CAB DRIVER,"JAMES ""JIM"" PAXTON",CAB DRIVER,POOL BBQ DAD
CAB DRIVER,"JAMES ""JIM"" PAXTON",CAB DRIVER,PYM TECH EMPLOYEE
CAB DRIVER,"JAMES ""JIM"" PAXTON",CAB DRIVER,COP ON SPEAKER
CAB DRIVER,"JAMES ""JIM"" PAXTON",CAB DRIVER,POLICE RADIO
CAB DRIVER,"JAMES ""JIM"" PAXTON",CAB DRIVER,VIDEO VOICE OVER
CAB DRIVER,"JAMES ""JIM"" PAXTON",CAB DRIVER,PYM TECH SECURITY GUARD
CAB DRIVER,"JAMES ""JIM"" PAXTON",CAB DRIVER,HIDEOUS RABBIT
CAB DRIVER,"JAMES ""JIM"" PAXTON",CAB DRIVER,PEACHY
CAB DRIVER,"JAMES ""JIM"" PAXTON",CAB DRIVER,DETECTIVE
CAB DRIVER,"JAMES ""JIM"" PAXTON",CAB DRIVER,ICE CREAM STORE CUSTOMER
CAB DRIVER,"JAMES ""JIM"" PAXTON",CAB DRIVER,GALE
CAB DRIVER,"JAMES ""JIM"" PAXTON",CAB DRIVER,FRANK
CAB DRIVER,"JAMES ""JIM"" PAXTON",CAB DRIVER,COMPUTER
CAB DRIVER,"JAMES ""JIM"" PAXTON",CAB DRIVER,MITCHELL CARSON
CAB DRIVER,"JAMES ""JIM"" PAXTON",CAB DRIVER,DALE
CAB DRIVER,"JAMES ""JIM"" PAXTON",CAB DRIVER,MAGGIE LANG
CAB DRIVER,"JAMES ""JIM"" PAXTON",CAB DRIVER,CASSIE LANG
CAB DRIVER,"JAMES ""JIM"" PAXTON",CAB DRIVER,KURT
CAB DRIVER,"JAMES ""JIM"" PAXTON",CAB DRIVER,DAVE
CAB DRIVER,"JAMES ""JIM"" PAXTON",CAB DRIVER,"JAMES ""JIM"" PAXTON"
CAB DRIVER,"JAMES ""JIM"" PAXTON",CAB DRIVER,DARREN CROSS
CAB DRIVER,"JAMES ""JIM"" PAXTON",CAB DRIVER,HOWARD STARK
CAB DRIVER,"JAMES ""JIM"" PAXTON",CAB DRIVER,LUIS
CAB DRIVER,"JAMES ""JIM"" PAXTON",CAB DRIVER,HOPE VAN DYNE
CAB DRIVER,"JAMES ""JIM"" PAXTON",CAB DRIVER,PEGGY CARTER
CAB DRIVER,"JAMES ""JIM"" PAXTON",CAB DRIVER,HANK PYM
CAB DRIVER,"JAMES ""JIM"" PAXTON",CAB DRIVER,SAM WILSON
CAB DRIVER,"JAMES ""JIM"" PAXTON",CAB DRIVER,SCOTT LANG
CAB DRIVER,"JAMES ""JIM"" PAXTON",CAB DRIVER,NATASHA ROMANOFF
CAB DRIVER,"JAMES ""JIM"" PAXTON",CAB DRIVER,STEVE ROGERS
ALPHA GUARD,"JAMES ""JIM"" PAXTON",ALPHA GUARD,CAB DRIVER
CAB DRIVER,DAVE,CAB DRIVER,PYM TECH GATE GUARD
CAB DRIVER,DAVE,CAB DRIVER,POOL BBQ DAD
CAB DRIVER,DAVE,CAB DRIVER,PYM TECH EMPLOYEE
CAB DRIVER,DAVE,CAB DRIVER,COP ON SPEAKER
CAB DRIVER,DAVE,CAB DRIVER,POLICE RADIO
CAB DRIVER,DAVE,CAB DRIVER,VIDEO VOICE OVER
CAB DRIVER,DAVE,CAB DRIVER,PYM TECH SECURITY GUARD
CAB DRIVER,DAVE,CAB DRIVER,HIDEOUS RABBIT
CAB DRIVER,DAVE,CAB DRIVER,PEACHY
CAB DRIVER,DAVE,CAB DRIVER,DETECTIVE
CAB DRIVER,DAVE,CAB DRIVER,ICE CREAM STORE CUSTOMER
CAB DRIVER,DAVE,CAB DRIVER,GALE
CAB DRIVER,DAVE,CAB DRIVER,FRANK
CAB DRIVER,DAVE,CAB DRIVER,COMPUTER
CAB DRIVER,DAVE,CAB DRIVER,MITCHELL CARSON
CAB DRIVER,DAVE,CAB DRIVER,DALE
CAB DRIVER,DAVE,CAB DRIVER,MAGGIE LANG
CAB DRIVER,DAVE,CAB DRIVER,CASSIE LANG
CAB DRIVER,DAVE,CAB DRIVER,KURT
CAB DRIVER,DAVE,CAB DRIVER,DAVE
CAB DRIVER,DAVE,CAB DRIVER,"JAMES ""JIM"" PAXTON"
CAB DRIVER,DAVE,CAB DRIVER,DARREN CROSS
CAB DRIVER,DAVE,CAB DRIVER,HOWARD STARK
CAB DRIVER,DAVE,CAB DRIVER,LUIS
CAB DRIVER,DAVE,CAB DRIVER,HOPE VAN DYNE
CAB DRIVER,DAVE,CAB DRIVER,PEGGY CARTER
CAB DRIVER,DAVE,CAB DRIVER,HANK PYM
CAB DRIVER,DAVE,CAB DRIVER,SAM WILSON
CAB DRIVER,DAVE,CAB DRIVER,SCOTT LANG
CAB DRIVER,DAVE,CAB DRIVER,NATASHA ROMANOFF
CAB DRIVER,DAVE,CAB DRIVER,STEVE ROGERS
ALPHA GUARD,DAVE,ALPHA GUARD,CAB DRIVER
CAB DRIVER,KURT,CAB DRIVER,PYM TECH GATE GUARD
CAB DRIVER,KURT,CAB DRIVER,POOL BBQ DAD
CAB DRIVER,KURT,CAB DRIVER,PYM TECH EMPLOYEE
CAB DRIVER,KURT,CAB DRIVER,COP ON SPEAKER
CAB DRIVER,KURT,CAB DRIVER,POLICE RADIO
CAB DRIVER,KURT,CAB DRIVER,VIDEO VOICE OVER
CAB DRIVER,KURT,CAB DRIVER,PYM TECH SECURITY GUARD
CAB DRIVER,KURT,CAB DRIVER,HIDEOUS RABBIT
CAB DRIVER,KURT,CAB DRIVER,PEACHY
CAB DRIVER,KURT,CAB DRIVER,DETECTIVE
CAB DRIVER,KURT,CAB DRIVER,ICE CREAM STORE CUSTOMER
CAB DRIVER,KURT,CAB DRIVER,GALE
CAB DRIVER,KURT,CAB DRIVER,FRANK
CAB DRIVER,KURT,CAB DRIVER,COMPUTER
CAB DRIVER,KURT,CAB DRIVER,MITCHELL CARSON
CAB DRIVER,KURT,CAB DRIVER,DALE
CAB DRIVER,KURT,CAB DRIVER,MAGGIE LANG
CAB DRIVER,KURT,CAB DRIVER,CASSIE LANG
CAB DRIVER,KURT,CAB DRIVER,KURT
CAB DRIVER,KURT,CAB DRIVER,DAVE
CAB DRIVER,KURT,CAB DRIVER,"JAMES ""JIM"" PAXTON"
CAB DRIVER,KURT,CAB DRIVER,DARREN CROSS
CAB DRIVER,KURT,CAB DRIVER,HOWARD STARK
CAB DRIVER,KURT,CAB DRIVER,LUIS
CAB DRIVER,KURT,CAB DRIVER,HOPE VAN DYNE
CAB DRIVER,KURT,CAB DRIVER,PEGGY CARTER
CAB DRIVER,KURT,CAB DRIVER,HANK PYM
CAB DRIVER,KURT,CAB DRIVER,SAM WILSON
CAB DRIVER,KURT,CAB DRIVER,SCOTT LANG
CAB DRIVER,KURT,CAB DRIVER,NATASHA ROMANOFF
CAB DRIVER,KURT,CAB DRIVER,STEVE ROGERS
ALPHA GUARD,KURT,ALPHA GUARD,CAB DRIVER
CAB DRIVER,CASSIE LANG,CAB DRIVER,PYM TECH GATE GUARD
CAB DRIVER,CASSIE LANG,CAB DRIVER,POOL BBQ DAD
CAB DRIVER,CASSIE LANG,CAB DRIVER,PYM TECH EMPLOYEE
CAB DRIVER,CASSIE LANG,CAB DRIVER,COP ON SPEAKER
CAB DRIVER,CASSIE LANG,CAB DRIVER,POLICE RADIO
CAB DRIVER,CASSIE LANG,CAB DRIVER,VIDEO VOICE OVER
CAB DRIVER,CASSIE LANG,CAB DRIVER,PYM TECH SECURITY GUARD
CAB DRIVER,CASSIE LANG,CAB DRIVER,HIDEOUS RABBIT
CAB DRIVER,CASSIE LANG,CAB DRIVER,PEACHY
CAB DRIVER,CASSIE LANG,CAB DRIVER,DETECTIVE
CAB DRIVER,CASSIE LANG,CAB DRIVER,ICE CREAM STORE CUSTOMER
CAB DRIVER,CASSIE LANG,CAB DRIVER,GALE
CAB DRIVER,CASSIE LANG,CAB DRIVER,FRANK
CAB DRIVER,CASSIE LANG,CAB DRIVER,COMPUTER
CAB DRIVER,CASSIE LANG,CAB DRIVER,MITCHELL CARSON
CAB DRIVER,CASSIE LANG,CAB DRIVER,DALE
CAB DRIVER,CASSIE LANG,CAB DRIVER,MAGGIE LANG
CAB DRIVER,CASSIE LANG,CAB DRIVER,CASSIE LANG
CAB DRIVER,CASSIE LANG,CAB DRIVER,KURT
CAB DRIVER,CASSIE LANG,CAB DRIVER,DAVE
CAB DRIVER,CASSIE LANG,CAB DRIVER,"JAMES ""JIM"" PAXTON"
CAB DRIVER,CASSIE LANG,CAB DRIVER,DARREN CROSS
CAB DRIVER,CASSIE LANG,CAB DRIVER,HOWARD STARK
CAB DRIVER,CASSIE LANG,CAB DRIVER,LUIS
CAB DRIVER,CASSIE LANG,CAB DRIVER,HOPE VAN DYNE
CAB DRIVER,CASSIE LANG,CAB DRIVER,PEGGY CARTER
CAB DRIVER,CASSIE LANG,CAB DRIVER,HANK PYM
CAB DRIVER,CASSIE LANG,CAB DRIVER,SAM WILSON
CAB DRIVER,CASSIE LANG,CAB DRIVER,SCOTT LANG
CAB DRIVER,CASSIE LANG,CAB DRIVER,NATASHA ROMANOFF
CAB DRIVER,CASSIE LANG,CAB DRIVER,STEVE ROGERS
ALPHA GUARD,CASSIE LANG,ALPHA GUARD,CAB DRIVER
CAB DRIVER,MAGGIE LANG,CAB DRIVER,PYM TECH GATE GUARD
CAB DRIVER,MAGGIE LANG,CAB DRIVER,POOL BBQ DAD
CAB DRIVER,MAGGIE LANG,CAB DRIVER,PYM TECH EMPLOYEE
CAB DRIVER,MAGGIE LANG,CAB DRIVER,COP ON SPEAKER
CAB DRIVER,MAGGIE LANG,CAB DRIVER,POLICE RADIO
CAB DRIVER,MAGGIE LANG,CAB DRIVER,VIDEO VOICE OVER
CAB DRIVER,MAGGIE LANG,CAB DRIVER,PYM TECH SECURITY GUARD
CAB DRIVER,MAGGIE LANG,CAB DRIVER,HIDEOUS RABBIT
CAB DRIVER,MAGGIE LANG,CAB DRIVER,PEACHY
CAB DRIVER,MAGGIE LANG,CAB DRIVER,DETECTIVE
CAB DRIVER,MAGGIE LANG,CAB DRIVER,ICE CREAM STORE CUSTOMER
CAB DRIVER,MAGGIE LANG,CAB DRIVER,GALE
CAB DRIVER,MAGGIE LANG,CAB DRIVER,FRANK
CAB DRIVER,MAGGIE LANG,CAB DRIVER,COMPUTER
CAB DRIVER,MAGGIE LANG,CAB DRIVER,MITCHELL CARSON
CAB DRIVER,MAGGIE LANG,CAB DRIVER,DALE
CAB DRIVER,MAGGIE LANG,CAB DRIVER,MAGGIE LANG
CAB DRIVER,MAGGIE LANG,CAB DRIVER,CASSIE LANG
CAB DRIVER,MAGGIE LANG,CAB DRIVER,KURT
CAB DRIVER,MAGGIE LANG,CAB DRIVER,DAVE
CAB DRIVER,MAGGIE LANG,CAB DRIVER,"JAMES ""JIM"" PAXTON"
CAB DRIVER,MAGGIE LANG,CAB DRIVER,DARREN CROSS
CAB DRIVER,MAGGIE LANG,CAB DRIVER,HOWARD STARK
CAB DRIVER,MAGGIE LANG,CAB DRIVER,LUIS
CAB DRIVER,MAGGIE LANG,CAB DRIVER,HOPE VAN DYNE
CAB DRIVER,MAGGIE LANG,CAB DRIVER,PEGGY CARTER
CAB DRIVER,MAGGIE LANG,CAB DRIVER,HANK PYM
CAB DRIVER,MAGGIE LANG,CAB DRIVER,SAM WILSON
CAB DRIVER,MAGGIE LANG,CAB DRIVER,SCOTT LANG
CAB DRIVER,MAGGIE LANG,CAB DRIVER,NATASHA ROMANOFF
CAB DRIVER,MAGGIE LANG,CAB DRIVER,STEVE ROGERS
ALPHA GUARD,MAGGIE LANG,ALPHA GUARD,CAB DRIVER
CAB DRIVER,DALE,CAB DRIVER,PYM TECH GATE GUARD
CAB DRIVER,DALE,CAB DRIVER,POOL BBQ DAD
CAB DRIVER,DALE,CAB DRIVER,PYM TECH EMPLOYEE
CAB DRIVER,DALE,CAB DRIVER,COP ON SPEAKER
CAB DRIVER,DALE,CAB DRIVER,POLICE RADIO
CAB DRIVER,DALE,CAB DRIVER,VIDEO VOICE OVER
CAB DRIVER,DALE,CAB DRIVER,PYM TECH SECURITY GUARD
CAB DRIVER,DALE,CAB DRIVER,HIDEOUS RABBIT
CAB DRIVER,DALE,CAB DRIVER,PEACHY
CAB DRIVER,DALE,CAB DRIVER,DETECTIVE
CAB DRIVER,DALE,CAB DRIVER,ICE CREAM STORE CUSTOMER
CAB DRIVER,DALE,CAB DRIVER,GALE
CAB DRIVER,DALE,CAB DRIVER,FRANK
CAB DRIVER,DALE,CAB DRIVER,COMPUTER
CAB DRIVER,DALE,CAB DRIVER,MITCHELL CARSON
CAB DRIVER,DALE,CAB DRIVER,DALE
CAB DRIVER,DALE,CAB DRIVER,MAGGIE LANG
CAB DRIVER,DALE,CAB DRIVER,CASSIE LANG
CAB DRIVER,DALE,CAB DRIVER,KURT
CAB DRIVER,DALE,CAB DRIVER,DAVE
CAB DRIVER,DALE,CAB DRIVER,"JAMES ""JIM"" PAXTON"
CAB DRIVER,DALE,CAB DRIVER,DARREN CROSS
CAB DRIVER,DALE,CAB DRIVER,HOWARD STARK
CAB DRIVER,DALE,CAB DRIVER,LUIS
CAB DRIVER,DALE,CAB DRIVER,HOPE VAN DYNE
CAB DRIVER,DALE,CAB DRIVER,PEGGY CARTER
CAB DRIVER,DALE,CAB DRIVER,HANK PYM
CAB DRIVER,DALE,CAB DRIVER,SAM WILSON
CAB DRIVER,DALE,CAB DRIVER,SCOTT LANG
CAB DRIVER,DALE,CAB DRIVER,NATASHA ROMANOFF
CAB DRIVER,DALE,CAB DRIVER,STEVE ROGERS
ALPHA GUARD,DALE,ALPHA GUARD,CAB DRIVER
CAB DRIVER,MITCHELL CARSON,CAB DRIVER,PYM TECH GATE GUARD
CAB DRIVER,MITCHELL CARSON,CAB DRIVER,POOL BBQ DAD
CAB DRIVER,MITCHELL CARSON,CAB DRIVER,PYM TECH EMPLOYEE
CAB DRIVER,MITCHELL CARSON,CAB DRIVER,COP ON SPEAKER
CAB DRIVER,MITCHELL CARSON,CAB DRIVER,POLICE RADIO
CAB DRIVER,MITCHELL CARSON,CAB DRIVER,VIDEO VOICE OVER
CAB DRIVER,MITCHELL CARSON,CAB DRIVER,PYM TECH SECURITY GUARD
CAB DRIVER,MITCHELL CARSON,CAB DRIVER,HIDEOUS RABBIT
CAB DRIVER,MITCHELL CARSON,CAB DRIVER,PEACHY
CAB DRIVER,MITCHELL CARSON,CAB DRIVER,DETECTIVE
CAB DRIVER,MITCHELL CARSON,CAB DRIVER,ICE CREAM STORE CUSTOMER
CAB DRIVER,MITCHELL CARSON,CAB DRIVER,GALE
CAB DRIVER,MITCHELL CARSON,CAB DRIVER,FRANK
CAB DRIVER,MITCHELL CARSON,CAB DRIVER,COMPUTER
CAB DRIVER,MITCHELL CARSON,CAB DRIVER,MITCHELL CARSON
CAB DRIVER,MITCHELL CARSON,CAB DRIVER,DALE
CAB DRIVER,MITCHELL CARSON,CAB DRIVER,MAGGIE LANG
CAB DRIVER,MITCHELL CARSON,CAB DRIVER,CASSIE LANG
CAB DRIVER,MITCHELL CARSON,CAB DRIVER,KURT
CAB DRIVER,MITCHELL CARSON,CAB DRIVER,DAVE
CAB DRIVER,MITCHELL CARSON,CAB DRIVER,"JAMES ""JIM"" PAXTON"
CAB DRIVER,MITCHELL CARSON,CAB DRIVER,DARREN CROSS
CAB DRIVER,MITCHELL CARSON,CAB DRIVER,HOWARD STARK
CAB DRIVER,MITCHELL CARSON,CAB DRIVER,LUIS
CAB DRIVER,MITCHELL CARSON,CAB DRIVER,HOPE VAN DYNE
CAB DRIVER,MITCHELL CARSON,CAB DRIVER,PEGGY CARTER
CAB DRIVER,MITCHELL CARSON,CAB DRIVER,HANK PYM
CAB DRIVER,MITCHELL CARSON,CAB DRIVER,SAM WILSON
CAB DRIVER,MITCHELL CARSON,CAB DRIVER,SCOTT LANG
CAB DRIVER,MITCHELL CARSON,CAB DRIVER,NATASHA ROMANOFF
CAB DRIVER,MITCHELL CARSON,CAB DRIVER,STEVE ROGERS
ALPHA GUARD,MITCHELL CARSON,ALPHA GUARD,CAB DRIVER
CAB DRIVER,COMPUTER,CAB DRIVER,PYM TECH GATE GUARD
CAB DRIVER,COMPUTER,CAB DRIVER,POOL BBQ DAD
CAB DRIVER,COMPUTER,CAB DRIVER,PYM TECH EMPLOYEE
CAB DRIVER,COMPUTER,CAB DRIVER,COP ON SPEAKER
CAB DRIVER,COMPUTER,CAB DRIVER,POLICE RADIO
CAB DRIVER,COMPUTER,CAB DRIVER,VIDEO VOICE OVER
CAB DRIVER,COMPUTER,CAB DRIVER,PYM TECH SECURITY GUARD
CAB DRIVER,COMPUTER,CAB DRIVER,HIDEOUS RABBIT
CAB DRIVER,COMPUTER,CAB DRIVER,PEACHY
CAB DRIVER,COMPUTER,CAB DRIVER,DETECTIVE
CAB DRIVER,COMPUTER,CAB DRIVER,ICE CREAM STORE CUSTOMER
CAB DRIVER,COMPUTER,CAB DRIVER,GALE
CAB DRIVER,COMPUTER,CAB DRIVER,FRANK
CAB DRIVER,COMPUTER,CAB DRIVER,COMPUTER
CAB DRIVER,COMPUTER,CAB DRIVER,MITCHELL CARSON
CAB DRIVER,COMPUTER,CAB DRIVER,DALE
CAB DRIVER,COMPUTER,CAB DRIVER,MAGGIE LANG
CAB DRIVER,COMPUTER,CAB DRIVER,CASSIE LANG
CAB DRIVER,COMPUTER,CAB DRIVER,KURT
CAB DRIVER,COMPUTER,CAB DRIVER,DAVE
CAB DRIVER,COMPUTER,CAB DRIVER,"JAMES ""JIM"" PAXTON"
CAB DRIVER,COMPUTER,CAB DRIVER,DARREN CROSS
CAB DRIVER,COMPUTER,CAB DRIVER,HOWARD STARK
CAB DRIVER,COMPUTER,CAB DRIVER,LUIS
CAB DRIVER,COMPUTER,CAB DRIVER,HOPE VAN DYNE
CAB DRIVER,COMPUTER,CAB DRIVER,PEGGY CARTER
CAB DRIVER,COMPUTER,CAB DRIVER,HANK PYM
CAB DRIVER,COMPUTER,CAB DRIVER,SAM WILSON
CAB DRIVER,COMPUTER,CAB DRIVER,SCOTT LANG
CAB DRIVER,COMPUTER,CAB DRIVER,NATASHA ROMANOFF
CAB DRIVER,COMPUTER,CAB DRIVER,STEVE ROGERS
ALPHA GUARD,COMPUTER,ALPHA GUARD,CAB DRIVER
CAB DRIVER,FRANK,CAB DRIVER,PYM TECH GATE GUARD
CAB DRIVER,FRANK,CAB DRIVER,POOL BBQ DAD
CAB DRIVER,FRANK,CAB DRIVER,PYM TECH EMPLOYEE
CAB DRIVER,FRANK,CAB DRIVER,COP ON SPEAKER
CAB DRIVER,FRANK,CAB DRIVER,POLICE RADIO
CAB DRIVER,FRANK,CAB DRIVER,VIDEO VOICE OVER
CAB DRIVER,FRANK,CAB DRIVER,PYM TECH SECURITY GUARD
CAB DRIVER,FRANK,CAB DRIVER,HIDEOUS RABBIT
CAB DRIVER,FRANK,CAB DRIVER,PEACHY
CAB DRIVER,FRANK,CAB DRIVER,DETECTIVE
CAB DRIVER,FRANK,CAB DRIVER,ICE CREAM STORE CUSTOMER
CAB DRIVER,FRANK,CAB DRIVER,GALE
CAB DRIVER,FRANK,CAB DRIVER,FRANK
CAB DRIVER,FRANK,CAB DRIVER,COMPUTER
CAB DRIVER,FRANK,CAB DRIVER,MITCHELL CARSON
CAB DRIVER,FRANK,CAB DRIVER,DALE
CAB DRIVER,FRANK,CAB DRIVER,MAGGIE LANG
CAB DRIVER,FRANK,CAB DRIVER,CASSIE LANG
CAB DRIVER,FRANK,CAB DRIVER,KURT
CAB DRIVER,FRANK,CAB DRIVER,DAVE
CAB DRIVER,FRANK,CAB DRIVER,"JAMES ""JIM"" PAXTON"
CAB DRIVER,FRANK,CAB DRIVER,DARREN CROSS
CAB DRIVER,FRANK,CAB DRIVER,HOWARD STARK
CAB DRIVER,FRANK,CAB DRIVER,LUIS
CAB DRIVER,FRANK,CAB DRIVER,HOPE VAN DYNE
CAB DRIVER,FRANK,CAB DRIVER,PEGGY CARTER
CAB DRIVER,FRANK,CAB DRIVER,HANK PYM
CAB DRIVER,FRANK,CAB DRIVER,SAM WILSON
CAB DRIVER,FRANK,CAB DRIVER,SCOTT LANG
CAB DRIVER,FRANK,CAB DRIVER,NATASHA ROMANOFF
CAB DRIVER,FRANK,CAB DRIVER,STEVE ROGERS
ALPHA GUARD,FRANK,ALPHA GUARD,CAB DRIVER
CAB DRIVER,GALE,CAB DRIVER,PYM TECH GATE GUARD
CAB DRIVER,GALE,CAB DRIVER,POOL BBQ DAD
CAB DRIVER,GALE,CAB DRIVER,PYM TECH EMPLOYEE
CAB DRIVER,GALE,CAB DRIVER,COP ON SPEAKER
CAB DRIVER,GALE,CAB DRIVER,POLICE RADIO
CAB DRIVER,GALE,CAB DRIVER,VIDEO VOICE OVER
CAB DRIVER,GALE,CAB DRIVER,PYM TECH SECURITY GUARD
CAB DRIVER,GALE,CAB DRIVER,HIDEOUS RABBIT
CAB DRIVER,GALE,CAB DRIVER,PEACHY
CAB DRIVER,GALE,CAB DRIVER,DETECTIVE
CAB DRIVER,GALE,CAB DRIVER,ICE CREAM STORE CUSTOMER
CAB DRIVER,GALE,CAB DRIVER,GALE
CAB DRIVER,GALE,CAB DRIVER,FRANK
CAB DRIVER,GALE,CAB DRIVER,COMPUTER
CAB DRIVER,GALE,CAB DRIVER,MITCHELL CARSON
CAB DRIVER,GALE,CAB DRIVER,DALE
CAB DRIVER,GALE,CAB DRIVER,MAGGIE LANG
CAB DRIVER,GALE,CAB DRIVER,CASSIE LANG
CAB DRIVER,GALE,CAB DRIVER,KURT
CAB DRIVER,GALE,CAB DRIVER,DAVE
CAB DRIVER,GALE,CAB DRIVER,"JAMES ""JIM"" PAXTON"
CAB DRIVER,GALE,CAB DRIVER,DARREN CROSS
CAB DRIVER,GALE,CAB DRIVER,HOWARD STARK
CAB DRIVER,GALE,CAB DRIVER,LUIS
CAB DRIVER,GALE,CAB DRIVER,HOPE VAN DYNE
CAB DRIVER,GALE,CAB DRIVER,PEGGY CARTER
CAB DRIVER,GALE,CAB DRIVER,HANK PYM
CAB DRIVER,GALE,CAB DRIVER,SAM WILSON
CAB DRIVER,GALE,CAB DRIVER,SCOTT LANG
CAB DRIVER,GALE,CAB DRIVER,NATASHA ROMANOFF
CAB DRIVER,GALE,CAB DRIVER,STEVE ROGERS
ALPHA GUARD,GALE,ALPHA GUARD,CAB DRIVER
CAB DRIVER,ICE CREAM STORE CUSTOMER,CAB DRIVER,PYM TECH GATE GUARD
CAB DRIVER,ICE CREAM STORE CUSTOMER,CAB DRIVER,POOL BBQ DAD
CAB DRIVER,ICE CREAM STORE CUSTOMER,CAB DRIVER,PYM TECH EMPLOYEE
CAB DRIVER,ICE CREAM STORE CUSTOMER,CAB DRIVER,COP ON SPEAKER
CAB DRIVER,ICE CREAM STORE CUSTOMER,CAB DRIVER,POLICE RADIO
CAB DRIVER,ICE CREAM STORE CUSTOMER,CAB DRIVER,VIDEO VOICE OVER
CAB DRIVER,ICE CREAM STORE CUSTOMER,CAB DRIVER,PYM TECH SECURITY GUARD
CAB DRIVER,ICE CREAM STORE CUSTOMER,CAB DRIVER,HIDEOUS RABBIT
CAB DRIVER,ICE CREAM STORE CUSTOMER,CAB DRIVER,PEACHY
CAB DRIVER,ICE CREAM STORE CUSTOMER,CAB DRIVER,DETECTIVE
CAB DRIVER,ICE CREAM STORE CUSTOMER,CAB DRIVER,ICE CREAM STORE CUSTOMER
CAB DRIVER,ICE CREAM STORE CUSTOMER,CAB DRIVER,GALE
CAB DRIVER,ICE CREAM STORE CUSTOMER,CAB DRIVER,FRANK
CAB DRIVER,ICE CREAM STORE CUSTOMER,CAB DRIVER,COMPUTER
CAB DRIVER,ICE CREAM STORE CUSTOMER,CAB DRIVER,MITCHELL CARSON
CAB DRIVER,ICE CREAM STORE CUSTOMER,CAB DRIVER,DALE
CAB DRIVER,ICE CREAM STORE CUSTOMER,CAB DRIVER,MAGGIE LANG
CAB DRIVER,ICE CREAM STORE CUSTOMER,CAB DRIVER,CASSIE LANG
CAB DRIVER,ICE CREAM STORE CUSTOMER,CAB DRIVER,KURT
CAB DRIVER,ICE CREAM STORE CUSTOMER,CAB DRIVER,DAVE
CAB DRIVER,ICE CREAM STORE CUSTOMER,CAB DRIVER,"JAMES ""JIM"" PAXTON"
CAB DRIVER,ICE CREAM STORE CUSTOMER,CAB DRIVER,DARREN CROSS
CAB DRIVER,ICE CREAM STORE CUSTOMER,CAB DRIVER,HOWARD STARK
CAB DRIVER,ICE CREAM STORE CUSTOMER,CAB DRIVER,LUIS
CAB DRIVER,ICE CREAM STORE CUSTOMER,CAB DRIVER,HOPE VAN DYNE
CAB DRIVER,ICE CREAM STORE CUSTOMER,CAB DRIVER,PEGGY CARTER
CAB DRIVER,ICE CREAM STORE CUSTOMER,CAB DRIVER,HANK PYM
CAB DRIVER,ICE CREAM STORE CUSTOMER,CAB DRIVER,SAM WILSON
CAB DRIVER,ICE CREAM STORE CUSTOMER,CAB DRIVER,SCOTT LANG
CAB DRIVER,ICE CREAM STORE CUSTOMER,CAB DRIVER,NATASHA ROMANOFF
CAB DRIVER,ICE CREAM STORE CUSTOMER,CAB DRIVER,STEVE ROGERS
ALPHA GUARD,ICE CREAM STORE CUSTOMER,ALPHA GUARD,CAB DRIVER
CAB DRIVER,DETECTIVE,CAB DRIVER,PYM TECH GATE GUARD
CAB DRIVER,DETECTIVE,CAB DRIVER,POOL BBQ DAD
CAB DRIVER,DETECTIVE,CAB DRIVER,PYM TECH EMPLOYEE
CAB DRIVER,DETECTIVE,CAB DRIVER,COP ON SPEAKER
CAB DRIVER,DETECTIVE,CAB DRIVER,POLICE RADIO
CAB DRIVER,DETECTIVE,CAB DRIVER,VIDEO VOICE OVER
CAB DRIVER,DETECTIVE,CAB DRIVER,PYM TECH SECURITY GUARD
CAB DRIVER,DETECTIVE,CAB DRIVER,HIDEOUS RABBIT
CAB DRIVER,DETECTIVE,CAB DRIVER,PEACHY
CAB DRIVER,DETECTIVE,CAB DRIVER,DETECTIVE
CAB DRIVER,DETECTIVE,CAB DRIVER,ICE CREAM STORE CUSTOMER
CAB DRIVER,DETECTIVE,CAB DRIVER,GALE
CAB DRIVER,DETECTIVE,CAB DRIVER,FRANK
CAB DRIVER,DETECTIVE,CAB DRIVER,COMPUTER
CAB DRIVER,DETECTIVE,CAB DRIVER,MITCHELL CARSON
CAB DRIVER,DETECTIVE,CAB DRIVER,DALE
CAB DRIVER,DETECTIVE,CAB DRIVER,MAGGIE LANG
CAB DRIVER,DETECTIVE,CAB DRIVER,CASSIE LANG
CAB DRIVER,DETECTIVE,CAB DRIVER,KURT
CAB DRIVER,DETECTIVE,CAB DRIVER,DAVE
CAB DRIVER,DETECTIVE,CAB DRIVER,"JAMES ""JIM"" PAXTON"
CAB DRIVER,DETECTIVE,CAB DRIVER,DARREN CROSS
CAB DRIVER,DETECTIVE,CAB DRIVER,HOWARD STARK
CAB DRIVER,DETECTIVE,CAB DRIVER,LUIS
CAB DRIVER,DETECTIVE,CAB DRIVER,HOPE VAN DYNE
CAB DRIVER,DETECTIVE,CAB DRIVER,PEGGY CARTER
CAB DRIVER,DETECTIVE,CAB DRIVER,HANK PYM
CAB DRIVER,DETECTIVE,CAB DRIVER,SAM WILSON
CAB DRIVER,DETECTIVE,CAB DRIVER,SCOTT LANG
CAB DRIVER,DETECTIVE,CAB DRIVER,NATASHA ROMANOFF
CAB DRIVER,DETECTIVE,CAB DRIVER,STEVE ROGERS
ALPHA GUARD,DETECTIVE,ALPHA GUARD,CAB DRIVER
CAB DRIVER,PEACHY,CAB DRIVER,PYM TECH GATE GUARD
CAB DRIVER,PEACHY,CAB DRIVER,POOL BBQ DAD
CAB DRIVER,PEACHY,CAB DRIVER,PYM TECH EMPLOYEE
CAB DRIVER,PEACHY,CAB DRIVER,COP ON SPEAKER
CAB DRIVER,PEACHY,CAB DRIVER,POLICE RADIO
CAB DRIVER,PEACHY,CAB DRIVER,VIDEO VOICE OVER
CAB DRIVER,PEACHY,CAB DRIVER,PYM TECH SECURITY GUARD
CAB DRIVER,PEACHY,CAB DRIVER,HIDEOUS RABBIT
CAB DRIVER,PEACHY,CAB DRIVER,PEACHY
CAB DRIVER,PEACHY,CAB DRIVER,DETECTIVE
CAB DRIVER,PEACHY,CAB DRIVER,ICE CREAM STORE CUSTOMER
CAB DRIVER,PEACHY,CAB DRIVER,GALE
CAB DRIVER,PEACHY,CAB DRIVER,FRANK
CAB DRIVER,PEACHY,CAB DRIVER,COMPUTER
CAB DRIVER,PEACHY,CAB DRIVER,MITCHELL CARSON
CAB DRIVER,PEACHY,CAB DRIVER,DALE
CAB DRIVER,PEACHY,CAB DRIVER,MAGGIE LANG
CAB DRIVER,PEACHY,CAB DRIVER,CASSIE LANG
CAB DRIVER,PEACHY,CAB DRIVER,KURT
CAB DRIVER,PEACHY,CAB DRIVER,DAVE
CAB DRIVER,PEACHY,CAB DRIVER,"JAMES ""JIM"" PAXTON"
CAB DRIVER,PEACHY,CAB DRIVER,DARREN CROSS
CAB DRIVER,PEACHY,CAB DRIVER,HOWARD STARK
CAB DRIVER,PEACHY,CAB DRIVER,LUIS
CAB DRIVER,PEACHY,CAB DRIVER,HOPE VAN DYNE
CAB DRIVER,PEACHY,CAB DRIVER,PEGGY CARTER
CAB DRIVER,PEACHY,CAB DRIVER,HANK PYM
CAB DRIVER,PEACHY,CAB DRIVER,SAM WILSON
CAB DRIVER,PEACHY,CAB DRIVER,SCOTT LANG
CAB DRIVER,PEACHY,CAB DRIVER,NATASHA ROMANOFF
CAB DRIVER,PEACHY,CAB DRIVER,STEVE ROGERS
ALPHA GUARD,PEACHY,ALPHA GUARD,CAB DRIVER
CAB DRIVER,HIDEOUS RABBIT,CAB DRIVER,PYM TECH GATE GUARD
CAB DRIVER,HIDEOUS RABBIT,CAB DRIVER,POOL BBQ DAD
CAB DRIVER,HIDEOUS RABBIT,CAB DRIVER,PYM TECH EMPLOYEE
CAB DRIVER,HIDEOUS RABBIT,CAB DRIVER,COP ON SPEAKER
CAB DRIVER,HIDEOUS RABBIT,CAB DRIVER,POLICE RADIO
CAB DRIVER,HIDEOUS RABBIT,CAB DRIVER,VIDEO VOICE OVER
CAB DRIVER,HIDEOUS RABBIT,CAB DRIVER,PYM TECH SECURITY GUARD
CAB DRIVER,HIDEOUS RABBIT,CAB DRIVER,HIDEOUS RABBIT
CAB DRIVER,HIDEOUS RABBIT,CAB DRIVER,PEACHY
CAB DRIVER,HIDEOUS RABBIT,CAB DRIVER,DETECTIVE
CAB DRIVER,HIDEOUS RABBIT,CAB DRIVER,ICE CREAM STORE CUSTOMER
CAB DRIVER,HIDEOUS RABBIT,CAB DRIVER,GALE
CAB DRIVER,HIDEOUS RABBIT,CAB DRIVER,FRANK
CAB DRIVER,HIDEOUS RABBIT,CAB DRIVER,COMPUTER
CAB DRIVER,HIDEOUS RABBIT,CAB DRIVER,MITCHELL CARSON
CAB DRIVER,HIDEOUS RABBIT,CAB DRIVER,DALE
CAB DRIVER,HIDEOUS RABBIT,CAB DRIVER,MAGGIE LANG
CAB DRIVER,HIDEOUS RABBIT,CAB DRIVER,CASSIE LANG
CAB DRIVER,HIDEOUS RABBIT,CAB DRIVER,KURT
CAB DRIVER,HIDEOUS RABBIT,CAB DRIVER,DAVE
CAB DRIVER,HIDEOUS RABBIT,CAB DRIVER,"JAMES ""JIM"" PAXTON"
CAB DRIVER,HIDEOUS RABBIT,CAB DRIVER,DARREN CROSS
CAB DRIVER,HIDEOUS RABBIT,CAB DRIVER,HOWARD STARK
CAB DRIVER,HIDEOUS RABBIT,CAB DRIVER,LUIS
CAB DRIVER,HIDEOUS RABBIT,CAB DRIVER,HOPE VAN DYNE
CAB DRIVER,HIDEOUS RABBIT,CAB DRIVER,PEGGY CARTER
CAB DRIVER,HIDEOUS RABBIT,CAB DRIVER,HANK PYM
CAB DRIVER,HIDEOUS RABBIT,CAB DRIVER,SAM WILSON
CAB DRIVER,HIDEOUS RABBIT,CAB DRIVER,SCOTT LANG
CAB DRIVER,HIDEOUS RABBIT,CAB DRIVER,NATASHA ROMANOFF
CAB DRIVER,HIDEOUS RABBIT,CAB DRIVER,STEVE ROGERS
ALPHA GUARD,HIDEOUS RABBIT,ALPHA GUARD,CAB DRIVER
CAB DRIVER,PYM TECH SECURITY GUARD,CAB DRIVER,PYM TECH GATE GUARD
CAB DRIVER,PYM TECH SECURITY GUARD,CAB DRIVER,POOL BBQ DAD
CAB DRIVER,PYM TECH SECURITY GUARD,CAB DRIVER,PYM TECH EMPLOYEE
CAB DRIVER,PYM TECH SECURITY GUARD,CAB DRIVER,COP ON SPEAKER
CAB DRIVER,PYM TECH SECURITY GUARD,CAB DRIVER,POLICE RADIO
CAB DRIVER,PYM TECH SECURITY GUARD,CAB DRIVER,VIDEO VOICE OVER
CAB DRIVER,PYM TECH SECURITY GUARD,CAB DRIVER,PYM TECH SECURITY GUARD
CAB DRIVER,PYM TECH SECURITY GUARD,CAB DRIVER,HIDEOUS RABBIT
CAB DRIVER,PYM TECH SECURITY GUARD,CAB DRIVER,PEACHY
CAB DRIVER,PYM TECH SECURITY GUARD,CAB DRIVER,DETECTIVE
CAB DRIVER,PYM TECH SECURITY GUARD,CAB DRIVER,ICE CREAM STORE CUSTOMER
CAB DRIVER,PYM TECH SECURITY GUARD,CAB DRIVER,GALE
CAB DRIVER,PYM TECH SECURITY GUARD,CAB DRIVER,FRANK
CAB DRIVER,PYM TECH SECURITY GUARD,CAB DRIVER,COMPUTER
CAB DRIVER,PYM TECH SECURITY GUARD,CAB DRIVER,MITCHELL CARSON
CAB DRIVER,PYM TECH SECURITY GUARD,CAB DRIVER,DALE
CAB DRIVER,PYM TECH SECURITY GUARD,CAB DRIVER,MAGGIE LANG
CAB DRIVER,PYM TECH SECURITY GUARD,CAB DRIVER,CASSIE LANG
CAB DRIVER,PYM TECH SECURITY GUARD,CAB DRIVER,KURT
CAB DRIVER,PYM TECH SECURITY GUARD,CAB DRIVER,DAVE
CAB DRIVER,PYM TECH SECURITY GUARD,CAB DRIVER,"JAMES ""JIM"" PAXTON"
CAB DRIVER,PYM TECH SECURITY GUARD,CAB DRIVER,DARREN CROSS
CAB DRIVER,PYM TECH SECURITY GUARD,CAB DRIVER,HOWARD STARK
CAB DRIVER,PYM TECH SECURITY GUARD,CAB DRIVER,LUIS
CAB DRIVER,PYM TECH SECURITY GUARD,CAB DRIVER,HOPE VAN DYNE
CAB DRIVER,PYM TECH SECURITY GUARD,CAB DRIVER,PEGGY CARTER
CAB DRIVER,PYM TECH SECURITY GUARD,CAB DRIVER,HANK PYM
CAB DRIVER,PYM TECH SECURITY GUARD,CAB DRIVER,SAM WILSON
CAB DRIVER,PYM TECH SECURITY GUARD,CAB DRIVER,SCOTT LANG
CAB DRIVER,PYM TECH SECURITY GUARD,CAB DRIVER,NATASHA ROMANOFF
CAB DRIVER,PYM TECH SECURITY GUARD,CAB DRIVER,STEVE ROGERS
ALPHA GUARD,PYM TECH SECURITY GUARD,ALPHA GUARD,CAB DRIVER
CAB DRIVER,VIDEO VOICE OVER,CAB DRIVER,PYM TECH GATE GUARD
CAB DRIVER,VIDEO VOICE OVER,CAB DRIVER,POOL BBQ DAD
CAB DRIVER,VIDEO VOICE OVER,CAB DRIVER,PYM TECH EMPLOYEE
CAB DRIVER,VIDEO VOICE OVER,CAB DRIVER,COP ON SPEAKER
CAB DRIVER,VIDEO VOICE OVER,CAB DRIVER,POLICE RADIO
CAB DRIVER,VIDEO VOICE OVER,CAB DRIVER,VIDEO VOICE OVER
CAB DRIVER,VIDEO VOICE OVER,CAB DRIVER,PYM TECH SECURITY GUARD
CAB DRIVER,VIDEO VOICE OVER,CAB DRIVER,HIDEOUS RABBIT
CAB DRIVER,VIDEO VOICE OVER,CAB DRIVER,PEACHY
CAB DRIVER,VIDEO VOICE OVER,CAB DRIVER,DETECTIVE
CAB DRIVER,VIDEO VOICE OVER,CAB DRIVER,ICE CREAM STORE CUSTOMER
CAB DRIVER,VIDEO VOICE OVER,CAB DRIVER,GALE
CAB DRIVER,VIDEO VOICE OVER,CAB DRIVER,FRANK
CAB DRIVER,VIDEO VOICE OVER,CAB DRIVER,COMPUTER
CAB DRIVER,VIDEO VOICE OVER,CAB DRIVER,MITCHELL CARSON
CAB DRIVER,VIDEO VOICE OVER,CAB DRIVER,DALE
CAB DRIVER,VIDEO VOICE OVER,CAB DRIVER,MAGGIE LANG
CAB DRIVER,VIDEO VOICE OVER,CAB DRIVER,CASSIE LANG
CAB DRIVER,VIDEO VOICE OVER,CAB DRIVER,KURT
CAB DRIVER,VIDEO VOICE OVER,CAB DRIVER,DAVE
CAB DRIVER,VIDEO VOICE OVER,CAB DRIVER,"JAMES ""JIM"" PAXTON"
CAB DRIVER,VIDEO VOICE OVER,CAB DRIVER,DARREN CROSS
CAB DRIVER,VIDEO VOICE OVER,CAB DRIVER,HOWARD STARK
CAB DRIVER,VIDEO VOICE OVER,CAB DRIVER,LUIS
CAB DRIVER,VIDEO VOICE OVER,CAB DRIVER,HOPE VAN DYNE
CAB DRIVER,VIDEO VOICE OVER,CAB DRIVER,PEGGY CARTER
CAB DRIVER,VIDEO VOICE OVER,CAB DRIVER,HANK PYM
CAB DRIVER,VIDEO VOICE OVER,CAB DRIVER,SAM WILSON
CAB DRIVER,VIDEO VOICE OVER,CAB DRIVER,SCOTT LANG
CAB DRIVER,VIDEO VOICE OVER,CAB DRIVER,NATASHA ROMANOFF
CAB DRIVER,VIDEO VOICE OVER,CAB DRIVER,STEVE ROGERS
ALPHA GUARD,VIDEO VOICE OVER,ALPHA GUARD,CAB DRIVER
CAB DRIVER,POLICE RADIO,CAB DRIVER,PYM TECH GATE GUARD
CAB DRIVER,POLICE RADIO,CAB DRIVER,POOL BBQ DAD
CAB DRIVER,POLICE RADIO,CAB DRIVER,PYM TECH EMPLOYEE
CAB DRIVER,POLICE RADIO,CAB DRIVER,COP ON SPEAKER
CAB DRIVER,POLICE RADIO,CAB DRIVER,POLICE RADIO
CAB DRIVER,POLICE RADIO,CAB DRIVER,VIDEO VOICE OVER
CAB DRIVER,POLICE RADIO,CAB DRIVER,PYM TECH SECURITY GUARD
CAB DRIVER,POLICE RADIO,CAB DRIVER,HIDEOUS RABBIT
CAB DRIVER,POLICE RADIO,CAB DRIVER,PEACHY
CAB DRIVER,POLICE RADIO,CAB DRIVER,DETECTIVE
CAB DRIVER,POLICE RADIO,CAB DRIVER,ICE CREAM STORE CUSTOMER
CAB DRIVER,POLICE RADIO,CAB DRIVER,GALE
CAB DRIVER,POLICE RADIO,CAB DRIVER,FRANK
CAB DRIVER,POLICE RADIO,CAB DRIVER,COMPUTER
CAB DRIVER,POLICE RADIO,CAB DRIVER,MITCHELL CARSON
CAB DRIVER,POLICE RADIO,CAB DRIVER,DALE
CAB DRIVER,POLICE RADIO,CAB DRIVER,MAGGIE LANG
CAB DRIVER,POLICE RADIO,CAB DRIVER,CASSIE LANG
CAB DRIVER,POLICE RADIO,CAB DRIVER,KURT
CAB DRIVER,POLICE RADIO,CAB DRIVER,DAVE
CAB DRIVER,POLICE RADIO,CAB DRIVER,"JAMES ""JIM"" PAXTON"
CAB DRIVER,POLICE RADIO,CAB DRIVER,DARREN CROSS
CAB DRIVER,POLICE RADIO,CAB DRIVER,HOWARD STARK
CAB DRIVER,POLICE RADIO,CAB DRIVER,LUIS
CAB DRIVER,POLICE RADIO,CAB DRIVER,HOPE VAN DYNE
CAB DRIVER,POLICE RADIO,CAB DRIVER,PEGGY CARTER
CAB DRIVER,POLICE RADIO,CAB DRIVER,HANK PYM
CAB DRIVER,POLICE RADIO,CAB DRIVER,SAM WILSON
CAB DRIVER,POLICE RADIO,CAB DRIVER,SCOTT LANG
CAB DRIVER,POLICE RADIO,CAB DRIVER,NATASHA ROMANOFF
CAB DRIVER,POLICE RADIO,CAB DRIVER,STEVE ROGERS
ALPHA GUARD,POLICE RADIO,ALPHA GUARD,CAB DRIVER
CAB DRIVER,COP ON SPEAKER,CAB DRIVER,PYM TECH GATE GUARD
CAB DRIVER,COP ON SPEAKER,CAB DRIVER,POOL BBQ DAD
CAB DRIVER,COP ON SPEAKER,CAB DRIVER,PYM TECH EMPLOYEE
CAB DRIVER,COP ON SPEAKER,CAB DRIVER,COP ON SPEAKER
CAB DRIVER,COP ON SPEAKER,CAB DRIVER,POLICE RADIO
CAB DRIVER,COP ON SPEAKER,CAB DRIVER,VIDEO VOICE OVER
CAB DRIVER,COP ON SPEAKER,CAB DRIVER,PYM TECH SECURITY GUARD
CAB DRIVER,COP ON SPEAKER,CAB DRIVER,HIDEOUS RABBIT
CAB DRIVER,COP ON SPEAKER,CAB DRIVER,PEACHY
CAB DRIVER,COP ON SPEAKER,CAB DRIVER,DETECTIVE
CAB DRIVER,COP ON SPEAKER,CAB DRIVER,ICE CREAM STORE CUSTOMER
CAB DRIVER,COP ON SPEAKER,CAB DRIVER,GALE
CAB DRIVER,COP ON SPEAKER,CAB DRIVER,FRANK
CAB DRIVER,COP ON SPEAKER,CAB DRIVER,COMPUTER
CAB DRIVER,COP ON SPEAKER,CAB DRIVER,MITCHELL CARSON
CAB DRIVER,COP ON SPEAKER,CAB DRIVER,DALE
CAB DRIVER,COP ON SPEAKER,CAB DRIVER,MAGGIE LANG
CAB DRIVER,COP ON SPEAKER,CAB DRIVER,CASSIE LANG
CAB DRIVER,COP ON SPEAKER,CAB DRIVER,KURT
CAB DRIVER,COP ON SPEAKER,CAB DRIVER,DAVE
CAB DRIVER,COP ON SPEAKER,CAB DRIVER,"JAMES ""JIM"" PAXTON"
CAB DRIVER,COP ON SPEAKER,CAB DRIVER,DARREN CROSS
CAB DRIVER,COP ON SPEAKER,CAB DRIVER,HOWARD STARK
CAB DRIVER,COP ON SPEAKER,CAB DRIVER,LUIS
CAB DRIVER,COP ON SPEAKER,CAB DRIVER,HOPE VAN DYNE
CAB DRIVER,COP ON SPEAKER,CAB DRIVER,PEGGY CARTER
CAB DRIVER,COP ON SPEAKER,CAB DRIVER,HANK PYM
CAB DRIVER,COP ON SPEAKER,CAB DRIVER,SAM WILSON
CAB DRIVER,COP ON SPEAKER,CAB DRIVER,SCOTT LANG
CAB DRIVER,COP ON SPEAKER,CAB DRIVER,NATASHA ROMANOFF
CAB DRIVER,COP ON SPEAKER,CAB DRIVER,STEVE ROGERS
ALPHA GUARD,COP ON SPEAKER,ALPHA GUARD,CAB DRIVER
CAB DRIVER,PYM TECH EMPLOYEE,CAB DRIVER,PYM TECH GATE GUARD
CAB DRIVER,PYM TECH EMPLOYEE,CAB DRIVER,POOL BBQ DAD
CAB DRIVER,PYM TECH EMPLOYEE,CAB DRIVER,PYM TECH EMPLOYEE
CAB DRIVER,PYM TECH EMPLOYEE,CAB DRIVER,COP ON SPEAKER
CAB DRIVER,PYM TECH EMPLOYEE,CAB DRIVER,POLICE RADIO
CAB DRIVER,PYM TECH EMPLOYEE,CAB DRIVER,VIDEO VOICE OVER
CAB DRIVER,PYM TECH EMPLOYEE,CAB DRIVER,PYM TECH SECURITY GUARD
CAB DRIVER,PYM TECH EMPLOYEE,CAB DRIVER,HIDEOUS RABBIT
CAB DRIVER,PYM TECH EMPLOYEE,CAB DRIVER,PEACHY
CAB DRIVER,PYM TECH EMPLOYEE,CAB DRIVER,DETECTIVE
CAB DRIVER,PYM TECH EMPLOYEE,CAB DRIVER,ICE CREAM STORE CUSTOMER
CAB DRIVER,PYM TECH EMPLOYEE,CAB DRIVER,GALE
CAB DRIVER,PYM TECH EMPLOYEE,CAB DRIVER,FRANK
CAB DRIVER,PYM TECH EMPLOYEE,CAB DRIVER,COMPUTER
CAB DRIVER,PYM TECH EMPLOYEE,CAB DRIVER,MITCHELL CARSON
CAB DRIVER,PYM TECH EMPLOYEE,CAB DRIVER,DALE
CAB DRIVER,PYM TECH EMPLOYEE,CAB DRIVER,MAGGIE LANG
CAB DRIVER,PYM TECH EMPLOYEE,CAB DRIVER,CASSIE LANG
CAB DRIVER,PYM TECH EMPLOYEE,CAB DRIVER,KURT
CAB DRIVER,PYM TECH EMPLOYEE,CAB DRIVER,DAVE
CAB DRIVER,PYM TECH EMPLOYEE,CAB DRIVER,"JAMES ""JIM"" PAXTON"
CAB DRIVER,PYM TECH EMPLOYEE,CAB DRIVER,DARREN CROSS
CAB DRIVER,PYM TECH EMPLOYEE,CAB DRIVER,HOWARD STARK
CAB DRIVER,PYM TECH EMPLOYEE,CAB DRIVER,LUIS
CAB DRIVER,PYM TECH EMPLOYEE,CAB DRIVER,HOPE VAN DYNE
CAB DRIVER,PYM TECH EMPLOYEE,CAB DRIVER,PEGGY CARTER
CAB DRIVER,PYM TECH EMPLOYEE,CAB DRIVER,HANK PYM
CAB DRIVER,PYM TECH EMPLOYEE,CAB DRIVER,SAM WILSON
CAB DRIVER,PYM TECH EMPLOYEE,CAB DRIVER,SCOTT LANG
CAB DRIVER,PYM TECH EMPLOYEE,CAB DRIVER,NATASHA ROMANOFF
CAB DRIVER,PYM TECH EMPLOYEE,CAB DRIVER,STEVE ROGERS
ALPHA GUARD,PYM TECH EMPLOYEE,ALPHA GUARD,CAB DRIVER
ALPHA GUARD,CAB DRIVER,CAB DRIVER,PYM TECH GATE GUARD
ALPHA GUARD,CAB DRIVER,CAB DRIVER,POOL BBQ DAD
ALPHA GUARD,CAB DRIVER,ALPHA GUARD,CAB DRIVER
ALPHA GUARD,CAB DRIVER,CAB DRIVER,PYM TECH EMPLOYEE
ALPHA GUARD,CAB DRIVER,CAB DRIVER,COP ON SPEAKER
ALPHA GUARD,CAB DRIVER,CAB DRIVER,POLICE RADIO
ALPHA GUARD,CAB DRIVER,CAB DRIVER,VIDEO VOICE OVER
ALPHA GUARD,CAB DRIVER,CAB DRIVER,PYM TECH SECURITY GUARD
ALPHA GUARD,CAB DRIVER,CAB DRIVER,HIDEOUS RABBIT
ALPHA GUARD,CAB DRIVER,CAB DRIVER,PEACHY
ALPHA GUARD,CAB DRIVER,CAB DRIVER,DETECTIVE
ALPHA GUARD,CAB DRIVER,CAB DRIVER,ICE CREAM STORE CUSTOMER
ALPHA GUARD,CAB DRIVER,CAB DRIVER,GALE
ALPHA GUARD,CAB DRIVER,CAB DRIVER,FRANK
ALPHA GUARD,CAB DRIVER,CAB DRIVER,COMPUTER
ALPHA GUARD,CAB DRIVER,CAB DRIVER,MITCHELL CARSON
ALPHA GUARD,CAB DRIVER,CAB DRIVER,DALE
ALPHA GUARD,CAB DRIVER,CAB DRIVER,MAGGIE LANG
ALPHA GUARD,CAB DRIVER,CAB DRIVER,CASSIE LANG
ALPHA GUARD,CAB DRIVER,CAB DRIVER,KURT
ALPHA GUARD,CAB DRIVER,CAB DRIVER,DAVE
ALPHA GUARD,CAB DRIVER,CAB DRIVER,"JAMES ""JIM"" PAXTON"
ALPHA GUARD,CAB DRIVER,CAB DRIVER,DARREN CROSS
ALPHA GUARD,CAB DRIVER,CAB DRIVER,HOWARD STARK
ALPHA GUARD,CAB DRIVER,CAB DRIVER,LUIS
ALPHA GUARD,CAB DRIVER,CAB DRIVER,HOPE VAN DYNE
ALPHA GUARD,CAB DRIVER,CAB DRIVER,PEGGY CARTER
ALPHA GUARD,CAB DRIVER,CAB DRIVER,HANK PYM
ALPHA GUARD,CAB DRIVER,CAB DRIVER,SAM WILSON
ALPHA GUARD,CAB DRIVER,CAB DRIVER,SCOTT LANG
ALPHA GUARD,CAB DRIVER,CAB DRIVER,NATASHA ROMANOFF
ALPHA GUARD,CAB DRIVER,CAB DRIVER,STEVE ROGERS
CAB DRIVER,POOL BBQ DAD,CAB DRIVER,PYM TECH GATE GUARD
CAB DRIVER,POOL BBQ DAD,CAB DRIVER,POOL BBQ DAD
CAB DRIVER,POOL BBQ DAD,CAB DRIVER,PYM TECH EMPLOYEE
CAB DRIVER,POOL BBQ DAD,CAB DRIVER,COP ON SPEAKER
CAB DRIVER,POOL BBQ DAD,CAB DRIVER,POLICE RADIO
CAB DRIVER,POOL BBQ DAD,CAB DRIVER,VIDEO VOICE OVER
CAB DRIVER,POOL BBQ DAD,CAB DRIVER,PYM TECH SECURITY GUARD
CAB DRIVER,POOL BBQ DAD,CAB DRIVER,HIDEOUS RABBIT
CAB DRIVER,POOL BBQ DAD,CAB DRIVER,PEACHY
CAB DRIVER,POOL BBQ DAD,CAB DRIVER,DETECTIVE
CAB DRIVER,POOL BBQ DAD,CAB DRIVER,ICE CREAM STORE CUSTOMER
CAB DRIVER,POOL BBQ DAD,CAB DRIVER,GALE
CAB DRIVER,POOL BBQ DAD,CAB DRIVER,FRANK
CAB DRIVER,POOL BBQ DAD,CAB DRIVER,COMPUTER
CAB DRIVER,POOL BBQ DAD,CAB DRIVER,MITCHELL CARSON
CAB DRIVER,POOL BBQ DAD,CAB DRIVER,DALE
CAB DRIVER,POOL BBQ DAD,CAB DRIVER,MAGGIE LANG
CAB DRIVER,POOL BBQ DAD,CAB DRIVER,CASSIE LANG
CAB DRIVER,POOL BBQ DAD,CAB DRIVER,KURT
CAB DRIVER,POOL BBQ DAD,CAB DRIVER,DAVE
CAB DRIVER,POOL BBQ DAD,CAB DRIVER,"JAMES ""JIM"" PAXTON"
CAB DRIVER,POOL BBQ DAD,CAB DRIVER,DARREN CROSS
CAB DRIVER,POOL BBQ DAD,CAB DRIVER,HOWARD STARK
CAB DRIVER,POOL BBQ DAD,CAB DRIVER,LUIS
CAB DRIVER,POOL BBQ DAD,CAB DRIVER,HOPE VAN DYNE
CAB DRIVER,POOL BBQ DAD,CAB DRIVER,PEGGY CARTER
CAB DRIVER,POOL BBQ DAD,CAB DRIVER,HANK PYM
CAB DRIVER,POOL BBQ DAD,CAB DRIVER,SAM WILSON
CAB DRIVER,POOL BBQ DAD,CAB DRIVER,SCOTT LANG
CAB DRIVER,POOL BBQ DAD,CAB DRIVER,NATASHA ROMANOFF
CAB DRIVER,POOL BBQ DAD,CAB DRIVER,STEVE ROGERS
ALPHA GUARD,POOL BBQ DAD,ALPHA GUARD,CAB DRIVER
CAB DRIVER,PYM TECH GATE GUARD,CAB DRIVER,PYM TECH GATE GUARD
CAB DRIVER,PYM TECH GATE GUARD,CAB DRIVER,POOL BBQ DAD
CAB DRIVER,PYM TECH GATE GUARD,CAB DRIVER,PYM TECH EMPLOYEE
CAB DRIVER,PYM TECH GATE GUARD,CAB DRIVER,COP ON SPEAKER
CAB DRIVER,PYM TECH GATE GUARD,CAB DRIVER,POLICE RADIO
CAB DRIVER,PYM TECH GATE GUARD,CAB DRIVER,VIDEO VOICE OVER
CAB DRIVER,PYM TECH GATE GUARD,CAB DRIVER,PYM TECH SECURITY GUARD
CAB DRIVER,PYM TECH GATE GUARD,CAB DRIVER,HIDEOUS RABBIT
CAB DRIVER,PYM TECH GATE GUARD,CAB DRIVER,PEACHY
CAB DRIVER,PYM TECH GATE GUARD,CAB DRIVER,DETECTIVE
CAB DRIVER,PYM TECH GATE GUARD,CAB DRIVER,ICE CREAM STORE CUSTOMER
CAB DRIVER,PYM TECH GATE GUARD,CAB DRIVER,GALE
CAB DRIVER,PYM TECH GATE GUARD,CAB DRIVER,FRANK
CAB DRIVER,PYM TECH GATE GUARD,CAB DRIVER,COMPUTER
CAB DRIVER,PYM TECH GATE GUARD,CAB DRIVER,MITCHELL CARSON
CAB DRIVER,PYM TECH GATE GUARD,CAB DRIVER,DALE
CAB DRIVER,PYM TECH GATE GUARD,CAB DRIVER,MAGGIE LANG
CAB DRIVER,PYM TECH GATE GUARD,CAB DRIVER,CASSIE LANG
CAB DRIVER,PYM TECH GATE GUARD,CAB DRIVER,KURT
CAB DRIVER,PYM TECH GATE GUARD,CAB DRIVER,DAVE
CAB DRIVER,PYM TECH GATE GUARD,CAB DRIVER,"JAMES ""JIM"" PAXTON"
CAB DRIVER,PYM TECH GATE GUARD,CAB DRIVER,DARREN CROSS
CAB DRIVER,PYM TECH GATE GUARD,CAB DRIVER,HOWARD STARK
CAB DRIVER,PYM TECH GATE GUARD,CAB DRIVER,LUIS
CAB DRIVER,PYM TECH GATE GUARD,CAB DRIVER,HOPE VAN DYNE
CAB DRIVER,PYM TECH GATE GUARD,CAB DRIVER,PEGGY CARTER
CAB DRIVER,PYM TECH GATE GUARD,CAB DRIVER,HANK PYM
CAB DRIVER,PYM TECH GATE GUARD,CAB DRIVER,SAM WILSON
CAB DRIVER,PYM TECH GATE GUARD,CAB DRIVER,SCOTT LANG
CAB DRIVER,PYM TECH GATE GUARD,CAB DRIVER,NATASHA ROMANOFF
CAB DRIVER,PYM TECH GATE GUARD,CAB DRIVER,STEVE ROGERS
ALPHA GUARD,PYM TECH GATE GUARD,ALPHA GUARD,CAB DRIVER
